words,count
5g,4436
ericsson,4077
new,2059
amp,1697
mobile,1483
learn,1299
iot,1285
future,1254
network,1227
read,1104
technology,1009
us,997
check,972
latest,891
networks,844
find,839
data,814
connected,810
world,805
live,804
report,798
innovation,729
networkedsociety,719
today,705
ict,673
industry,663
get,660
know,648
one,644
heres,640
business,635
digital,620
first,617
see,614
ericssons,606
cloud,602
blog,591
ceo,591
tech,573
people,565
make,565
time,563
mobilityreport,562
via,561
like,548
consumerlab,539
change,531
year,530
services,523
experience,522
